{
    "grid_steps" : [ 225.0, 225.0 ],
    "grid_zero" : [ -177.271972656250, 1191.494995117188 ],
    "map_generation" : 2,
    "map_max" : [ 2048.0, 2048.0 ],
    "map_min" : [ -2048.0, -2048.0 ]
 }